{"cameraMode":{"drawMode":0,"name":"Shaded","section":"Shading Mode"},"sceneLighting":true,"audioPlay":false,"sceneViewState":{"m_AlwaysRefresh":false,"showFog":true,"showSkybox":true,"showFlares":true,"showImageEffects":true,"showParticleSystems":true,"showVisualEffectGraphs":true,"m_FxEnabled":true},"in2DMode":false,"pivot":{"x":0.8429670333862305,"y":4.4098286628723148,"z":-5.006040573120117},"rotation":{"x":0.09360996633768082,"y":0.18379546701908112,"z":0.017586691305041314,"w":-0.9783568978309631},"size":5.438826084136963,"orthographic":false}